college_id,college_name,state,college_type,final_score,category,overall_rank,state_rank,nirf_like_score,naac_like_grade,nba_like_score,confidence_score,remarks,suggestions
TOP001,Premier Telangana Engineering Institute 1,Telangana,Engineering,92.9430936797795,9,1,1,88.69073456719089,A++,88.41184170600539,73.14358306019683,Excellent overall college environment. Green and student-friendly campus. Strong career and placement support. Survey trust looks solid.,Keep the current balance and sustain verified student feedback every semester.
TOP002,Premier Telangana Autonomous Institute 2,Telangana,Autonomous,90.72354035211764,9,2,2,86.90808392988035,A++,86.23852404032891,74.75444532410181,Excellent overall college environment. Green and student-friendly campus. Strong career and placement support. Survey trust looks solid.,"To challenge rank 1 in Telangana, close a score gap of about 2.2 points."
C0036,Maharashtra Management College 36,Maharashtra,Management,89.61842658925383,9,3,1,89.2405769468137,A+,88.64441611483647,80.44746160409318,Excellent overall college environment. Strong career and placement support.,"Strengthen safety, hostel quality, mentoring, and grievance response. | Increase verified student responses and audit the survey process. | Add human values, constitution, and environment-based activities."
C0063,Karnataka Autonomous College 63,Karnataka,Autonomous,91.08142343032115,9,4,1,89.57766435608286,A++,88.56101601957994,79.5322401306843,Excellent overall college environment. Strong career and placement support.,Increase verified student responses and audit the survey process.
C0045,Karnataka Autonomous College 45,Karnataka,Autonomous,88.70892223039318,8,5,2,87.22113778801416,A+,88.18365960446066,79.29413220711388,Excellent overall college environment. Strong career and placement support.,"Increase verified student responses and audit the survey process. | Add human values, constitution, and environment-based activities. | To challenge rank 1 in Karnataka, close a score gap of about 2.4 points."
TOP003,Premier Telangana Engineering Institute 3,Telangana,Engineering,88.59709519481251,8,6,3,84.96626821489038,A+,84.23335218275878,76.37582437731075,Excellent overall college environment. Green and student-friendly campus. Strong career and placement support. Survey trust looks solid.,"To challenge rank 1 in Telangana, close a score gap of about 4.3 points."
C0025,Telangana Engineering College 25,Telangana,Engineering,87.96900900448942,8,7,4,88.65213958107137,A+,86.17569375031017,81.28713461109815,Excellent overall college environment. Strong career and placement support.,"Strengthen safety, hostel quality, mentoring, and grievance response. | Upgrade labs, internet, library, classrooms, and greenery. | Increase verified student responses and audit the survey process. | Add human values, constitution, and environment-based activities. | To challenge rank 1 in Telangana, close a score gap of about 5.0 points."
C0070,Tamil University College 70,Tamil Nadu,University,88.46200045298029,8,8,1,86.20707069309954,A+,85.23605190367454,81.53436500702516,Excellent overall college environment. Green and student-friendly campus. Strong career and placement support.,"Increase verified student responses and audit the survey process. | Add human values, constitution, and environment-based activities."
C0035,Kerala Arts College 35,Kerala,Arts,86.98259148000649,8,9,1,83.37859455591087,A+,83.62507455217705,80.8344145350106,Excellent overall college environment. Green and student-friendly campus. Strong career and placement support.,Increase verified student responses and audit the survey process.
TOP004,Premier Karnataka Autonomous Institute 4,Karnataka,Autonomous,86.6358228912855,8,10,3,83.3214328272066,A+,82.43887128151138,77.8666166034533,Excellent overall college environment. Green and student-friendly campus. Strong career and placement support. Survey trust looks solid.,"To challenge rank 1 in Karnataka, close a score gap of about 4.4 points."
C0016,Tamil University College 16,Tamil Nadu,University,87.34972636815347,8,11,2,85.77186341079742,A+,85.67299759608039,81.4524129600501,Excellent overall college environment. Strong career and placement support.,"Strengthen safety, hostel quality, mentoring, and grievance response. | Increase verified student responses and audit the survey process. | Add human values, constitution, and environment-based activities. | To challenge rank 1 in Tamil Nadu, close a score gap of about 1.1 points."
C0072,Maharashtra Management College 72,Maharashtra,Management,86.62387727926765,8,12,2,84.46139316637421,A+,85.46784435355961,82.43603668505565,Excellent overall college environment. Strong career and placement support.,"Increase verified student responses and audit the survey process. | Add human values, constitution, and environment-based activities. | To challenge rank 1 in Maharashtra, close a score gap of about 3.0 points."
C0054,Maharashtra Management College 54,Maharashtra,Management,86.46052158117713,8,13,3,84.28101584301261,A+,84.46344846607644,82.9395598732273,Excellent overall college environment. Strong career and placement support.,"Increase verified student responses and audit the survey process. | Add human values, constitution, and environment-based activities. | To challenge rank 1 in Maharashtra, close a score gap of about 3.2 points."
C0044,Andhra Degree College 44,Andhra Pradesh,Degree,85.45157254238259,8,14,1,84.78934128251683,A+,83.0365564428493,84.91151215091806,Excellent overall college environment. Strong career and placement support.,"Strengthen safety, hostel quality, mentoring, and grievance response. | Upgrade labs, internet, library, classrooms, and greenery. | Increase verified student responses and audit the survey process. | Add human values, constitution, and environment-based activities."
C0052,Tamil University College 52,Tamil Nadu,University,85.00414358327508,8,15,3,83.65702927533322,A+,81.86035026517499,85.27122599133304,Excellent overall college environment. Strong career and placement support.,"Upgrade labs, internet, library, classrooms, and greenery. | Increase verified student responses and audit the survey process. | Add human values, constitution, and environment-based activities. | To challenge rank 1 in Tamil Nadu, close a score gap of about 3.5 points."
C0071,Kerala Arts College 71,Kerala,Arts,86.51846129218798,8,16,2,85.25464925942457,A+,83.52356543888833,82.58627119463047,Excellent overall college environment. Strong career and placement support.,"Strengthen safety, hostel quality, mentoring, and grievance response. | Increase verified student responses and audit the survey process. | To challenge rank 1 in Kerala, close a score gap of about 0.5 points."
C0062,Andhra Degree College 62,Andhra Pradesh,Degree,84.90253226353238,8,17,2,83.15664607890929,A+,81.19694712615775,84.3231962366081,Very good education quality with a strong base. Strong career and placement support.,"Upgrade labs, internet, library, classrooms, and greenery. | Increase verified student responses and audit the survey process. | Add human values, constitution, and environment-based activities. | To challenge rank 1 in Andhra Pradesh, close a score gap of about 0.5 points."
C0009,Karnataka Autonomous College 09,Karnataka,Autonomous,84.39092541847441,8,18,4,82.48020073093137,A+,81.4107494085447,82.12224784934061,Very good education quality with a strong base. Strong career and placement support.,"Strengthen safety, hostel quality, mentoring, and grievance response. | Increase verified student responses and audit the survey process. | Add human values, constitution, and environment-based activities. | To challenge rank 1 in Karnataka, close a score gap of about 6.7 points."
TOP005,Premier Karnataka Engineering Institute 5,Karnataka,Engineering,84.83668949477378,8,19,5,81.52290327956126,A+,80.77096058434863,78.89375491801584,Very good education quality with a strong base. Strong career and placement support. Survey trust looks solid.,"To challenge rank 1 in Karnataka, close a score gap of about 6.2 points."
C0034,Tamil University College 34,Tamil Nadu,University,83.79185817421201,8,20,4,81.7973815094755,A+,81.41653512428461,86.04001663589456,Very good education quality with a strong base. Strong career and placement support.,"Upgrade labs, internet, library, classrooms, and greenery. | Increase verified student responses and audit the survey process. | Add human values, constitution, and environment-based activities. | To challenge rank 1 in Tamil Nadu, close a score gap of about 4.7 points."
C0027,Karnataka Autonomous College 27,Karnataka,Autonomous,82.66990555650514,8,21,6,80.61949910982938,A+,80.28862023031753,84.65000294590548,Very good education quality with a strong base. Strong career and placement support.,"Upgrade labs, internet, library, classrooms, and greenery. | Increase verified student responses and audit the survey process. | Add human values, constitution, and environment-based activities. | To challenge rank 1 in Karnataka, close a score gap of about 8.4 points."
TOP006,Premier Karnataka Autonomous Institute 6,Karnataka,Autonomous,82.51613480870853,8,22,7,79.3443599984101,A+,78.20734761602492,80.14828895067163,Very good education quality with a strong base. Survey trust looks solid.,"To challenge rank 1 in Karnataka, close a score gap of about 8.6 points."
C0007,Telangana Engineering College 07,Telangana,Engineering,81.14199428253927,8,23,5,78.59916120117326,A+,77.97155200681479,86.94376653195246,Very good education quality with a strong base. Green and student-friendly campus. Strong career and placement support.,"Upgrade labs, internet, library, classrooms, and greenery. | Increase verified student responses and audit the survey process. | Add human values, constitution, and environment-based activities. | To challenge rank 1 in Telangana, close a score gap of about 11.8 points."
C0053,Kerala Arts College 53,Kerala,Arts,83.13573292869066,8,24,3,80.7372892963987,A+,79.81528859702657,86.1455642631262,Very good education quality with a strong base.,"Increase verified student responses and audit the survey process. | Add human values, constitution, and environment-based activities. | To challenge rank 1 in Kerala, close a score gap of about 3.8 points."
C0026,Andhra Degree College 26,Andhra Pradesh,Degree,81.82844690052724,8,25,3,78.71122164622552,A+,80.33394778038388,84.55652854108409,Very good education quality with a strong base. Strong career and placement support.,"Increase verified student responses and audit the survey process. | Add human values, constitution, and environment-based activities. | To challenge rank 1 in Andhra Pradesh, close a score gap of about 3.6 points."
C0015,Karnataka Autonomous College 15,Karnataka,Autonomous,80.96124554163276,8,26,8,80.8211991040551,A+,78.43031443982778,85.34037053719837,Very good education quality with a strong base. Strong career and placement support.,"Strengthen safety, hostel quality, mentoring, and grievance response. | Upgrade labs, internet, library, classrooms, and greenery. | Increase verified student responses and audit the survey process. | Add human values, constitution, and environment-based activities. | To challenge rank 1 in Karnataka, close a score gap of about 10.1 points."
C0017,Kerala Arts College 17,Kerala,Arts,81.27580637406024,8,27,4,80.0833953549593,A+,77.51584451659318,86.96343748280033,Very good education quality with a strong base. Strong career and placement support.,"Strengthen safety, hostel quality, mentoring, and grievance response. | Add more projects, research activity, and interdisciplinary learning. | Upgrade labs, internet, library, classrooms, and greenery. | Increase verified student responses and audit the survey process. | Add human values, constitution, and environment-based activities. | To challenge rank 1 in Kerala, close a score gap of about 5.7 points."
C0041,Kerala Arts College 41,Kerala,Arts,79.80797506955676,8,28,5,76.14314294970427,A,77.75317004168681,87.1994371467139,Very good education quality with a strong base. Green and student-friendly campus. Strong career and placement support.,"Improve teaching interaction, practical sessions, and doubt-solving speed. | Upgrade labs, internet, library, classrooms, and greenery. | Increase verified student responses and audit the survey process. | Add human values, constitution, and environment-based activities. | To challenge rank 1 in Kerala, close a score gap of about 7.2 points."
C0008,Andhra Degree College 08,Andhra Pradesh,Degree,80.66173380642785,8,29,4,80.2427851577854,A+,77.98909364243958,85.65419680459785,Very good education quality with a strong base. Strong career and placement support.,"Strengthen safety, hostel quality, mentoring, and grievance response. | Upgrade labs, internet, library, classrooms, and greenery. | Increase verified student responses and audit the survey process. | Add human values, constitution, and environment-based activities. | To challenge rank 1 in Andhra Pradesh, close a score gap of about 4.8 points."
C0005,Kerala Arts College 05,Kerala,Arts,81.20653468509701,7,30,6,79.67478958657516,A+,76.66656231982327,88.00579180480108,Very good education quality with a strong base.,"Upgrade labs, internet, library, classrooms, and greenery. | Increase verified student responses and audit the survey process. | To challenge rank 1 in Kerala, close a score gap of about 5.8 points."
C0051,Karnataka Autonomous College 51,Karnataka,Autonomous,78.8799581736935,7,31,9,76.56318486165003,A,75.83669623584511,89.64022129159022,Very good education quality with a strong base.,"Strengthen safety, hostel quality, mentoring, and grievance response. | Add more projects, research activity, and interdisciplinary learning. | Upgrade labs, internet, library, classrooms, and greenery. | Increase verified student responses and audit the survey process. | Add human values, constitution, and environment-based activities. | To challenge rank 1 in Karnataka, close a score gap of about 12.2 points."
C0018,Maharashtra Management College 18,Maharashtra,Management,79.53380225169916,7,32,4,75.52983657396928,A,76.13530923290179,87.81775626960001,Very good education quality with a strong base. Strong career and placement support.,"Improve teaching interaction, practical sessions, and doubt-solving speed. | Add more projects, research activity, and interdisciplinary learning. | Upgrade labs, internet, library, classrooms, and greenery. | Increase verified student responses and audit the survey process. | Add human values, constitution, and environment-based activities. | To challenge rank 1 in Maharashtra, close a score gap of about 10.1 points."
C0022,Tamil University College 22,Tamil Nadu,University,77.90285197468211,7,33,5,75.45336375919143,A,75.49487379976208,87.43728888457221,Very good education quality with a strong base.,"Strengthen safety, hostel quality, mentoring, and grievance response. | Raise internship support, placement quality, and alumni engagement. | Upgrade labs, internet, library, classrooms, and greenery. | Increase verified student responses and audit the survey process. | Add human values, constitution, and environment-based activities. | To challenge rank 1 in Tamil Nadu, close a score gap of about 10.6 points."
C0024,Maharashtra Management College 24,Maharashtra,Management,77.4172577529477,7,34,5,73.75087578881872,A,73.23114837418241,90.57856113562444,Very good education quality with a strong base.,"Raise internship support, placement quality, and alumni engagement. | Upgrade labs, internet, library, classrooms, and greenery. | Increase verified student responses and audit the survey process. | Add human values, constitution, and environment-based activities. | To challenge rank 1 in Maharashtra, close a score gap of about 12.2 points."
C0058,Tamil University College 58,Tamil Nadu,University,74.16031117878518,7,35,6,73.6628068667863,A,70.69368039558036,88.15615658669986,Very good education quality with a strong base.,"Strengthen safety, hostel quality, mentoring, and grievance response. | Raise internship support, placement quality, and alumni engagement. | Upgrade labs, internet, library, classrooms, and greenery. | Increase verified student responses and audit the survey process. | Add human values, constitution, and environment-based activities. | To challenge rank 1 in Tamil Nadu, close a score gap of about 14.3 points."
C0042,Maharashtra Management College 42,Maharashtra,Management,76.41074556987756,7,36,6,70.31958960247286,A,71.57057572103253,86.79473798226682,Very good education quality with a strong base. Green and student-friendly campus.,"Improve teaching interaction, practical sessions, and doubt-solving speed. | Add more projects, research activity, and interdisciplinary learning. | Upgrade labs, internet, library, classrooms, and greenery. | Increase verified student responses and audit the survey process. | To challenge rank 1 in Maharashtra, close a score gap of about 13.2 points."
C0032,Andhra Degree College 32,Andhra Pradesh,Degree,75.02305508287283,7,37,5,71.31199755402014,A,70.27257864109781,89.91471787880148,Very good education quality with a strong base.,"Add more projects, research activity, and interdisciplinary learning. | Raise internship support, placement quality, and alumni engagement. | Upgrade labs, internet, library, classrooms, and greenery. | Increase verified student responses and audit the survey process. | Add human values, constitution, and environment-based activities. | To challenge rank 1 in Andhra Pradesh, close a score gap of about 10.4 points."
C0059,Kerala Arts College 59,Kerala,Arts,74.07656217368647,7,38,7,72.68727929810244,A,69.65885099526398,92.58794353375961,Very good education quality with a strong base.,"Improve teaching interaction, practical sessions, and doubt-solving speed. | Strengthen safety, hostel quality, mentoring, and grievance response. | Add more projects, research activity, and interdisciplinary learning. | Raise internship support, placement quality, and alumni engagement. | Upgrade labs, internet, library, classrooms, and greenery. | Increase verified student responses and audit the survey process. | Add human values, constitution, and environment-based activities. | To challenge rank 1 in Kerala, close a score gap of about 12.9 points."
C0023,Kerala Arts College 23,Kerala,Arts,73.1461109432709,7,39,8,71.2312999182264,A,68.6073335468682,88.67142728981408,Very good education quality with a strong base.,"Add more projects, research activity, and interdisciplinary learning. | Raise internship support, placement quality, and alumni engagement. | Upgrade labs, internet, library, classrooms, and greenery. | Increase verified student responses and audit the survey process. | Add human values, constitution, and environment-based activities. | To challenge rank 1 in Kerala, close a score gap of about 13.8 points."
C0021,Karnataka Autonomous College 21,Karnataka,Autonomous,73.49597206779308,7,40,10,71.16979612068312,A,67.50129503048774,87.88273587211745,Very good education quality with a strong base. Green and student-friendly campus.,"Add more projects, research activity, and interdisciplinary learning. | Raise internship support, placement quality, and alumni engagement. | Upgrade labs, internet, library, classrooms, and greenery. | Increase verified student responses and audit the survey process. | Add human values, constitution, and environment-based activities. | To challenge rank 1 in Karnataka, close a score gap of about 17.6 points."
C0043,Telangana Engineering College 43,Telangana,Engineering,73.8576616927609,7,41,6,73.82891517510173,A,71.12814498412149,83.40550487887812,Very good education quality with a strong base.,"Strengthen safety, hostel quality, mentoring, and grievance response. | Add more projects, research activity, and interdisciplinary learning. | Raise internship support, placement quality, and alumni engagement. | Upgrade labs, internet, library, classrooms, and greenery. | Increase verified student responses and audit the survey process. | Add human values, constitution, and environment-based activities. | To challenge rank 1 in Telangana, close a score gap of about 19.1 points."
C0006,Maharashtra Management College 06,Maharashtra,Management,73.85738361088329,7,42,7,70.45198087378455,A,69.03075471162168,90.93094909297906,Very good education quality with a strong base.,"Improve teaching interaction, practical sessions, and doubt-solving speed. | Add more projects, research activity, and interdisciplinary learning. | Raise internship support, placement quality, and alumni engagement. | Upgrade labs, internet, library, classrooms, and greenery. | Increase verified student responses and audit the survey process. | Add human values, constitution, and environment-based activities. | To challenge rank 1 in Maharashtra, close a score gap of about 15.8 points."
C0030,Maharashtra Management College 30,Maharashtra,Management,71.84404849638373,7,43,8,70.44150855751884,A,67.19651519384297,90.11188750649745,Very good education quality with a strong base.,"Improve teaching interaction, practical sessions, and doubt-solving speed. | Strengthen safety, hostel quality, mentoring, and grievance response. | Add more projects, research activity, and interdisciplinary learning. | Raise internship support, placement quality, and alumni engagement. | Upgrade labs, internet, library, classrooms, and greenery. | Increase verified student responses and audit the survey process. | Add human values, constitution, and environment-based activities. | To challenge rank 1 in Maharashtra, close a score gap of about 17.8 points."
C0060,Maharashtra Management College 60,Maharashtra,Management,71.62283058334172,7,44,9,66.08764015261386,A,68.0843532439357,90.74803161337628,Very good education quality with a strong base.,"Improve teaching interaction, practical sessions, and doubt-solving speed. | Add more projects, research activity, and interdisciplinary learning. | Raise internship support, placement quality, and alumni engagement. | Upgrade labs, internet, library, classrooms, and greenery. | Increase verified student responses and audit the survey process. | Add human values, constitution, and environment-based activities. | To challenge rank 1 in Maharashtra, close a score gap of about 18.0 points."
C0061,Telangana Engineering College 61,Telangana,Engineering,72.84350831437067,7,45,7,67.52031429349637,A,68.42054203881574,89.6876130071276,Very good education quality with a strong base.,"Improve teaching interaction, practical sessions, and doubt-solving speed. | Add more projects, research activity, and interdisciplinary learning. | Raise internship support, placement quality, and alumni engagement. | Increase verified student responses and audit the survey process. | Add human values, constitution, and environment-based activities. | To challenge rank 1 in Telangana, close a score gap of about 20.1 points."
C0031,Telangana Engineering College 31,Telangana,Engineering,69.61700916203314,7,46,8,66.40154095663377,B++,62.822437596152284,87.13517015925643,Average college; clear room for improvement.,"Improve teaching interaction, practical sessions, and doubt-solving speed. | Strengthen safety, hostel quality, mentoring, and grievance response. | Add more projects, research activity, and interdisciplinary learning. | Raise internship support, placement quality, and alumni engagement. | Upgrade labs, internet, library, classrooms, and greenery. | Increase verified student responses and audit the survey process. | To challenge rank 1 in Telangana, close a score gap of about 23.3 points."
C0069,Karnataka Autonomous College 69,Karnataka,Autonomous,70.40491680552256,7,47,11,64.50666996510249,A,65.92770548620095,90.17633895171593,Very good education quality with a strong base. Green and student-friendly campus.,"Improve teaching interaction, practical sessions, and doubt-solving speed. | Add more projects, research activity, and interdisciplinary learning. | Raise internship support, placement quality, and alumni engagement. | Upgrade labs, internet, library, classrooms, and greenery. | Increase verified student responses and audit the survey process. | Add human values, constitution, and environment-based activities. | To challenge rank 1 in Karnataka, close a score gap of about 20.7 points."
C0046,Tamil University College 46,Tamil Nadu,University,70.38424568374874,7,48,7,69.20926955426336,A,64.53410614887737,88.59694504311754,Very good education quality with a strong base.,"Strengthen safety, hostel quality, mentoring, and grievance response. | Add more projects, research activity, and interdisciplinary learning. | Raise internship support, placement quality, and alumni engagement. | Upgrade labs, internet, library, classrooms, and greenery. | Increase verified student responses and audit the survey process. | Add human values, constitution, and environment-based activities. | To challenge rank 1 in Tamil Nadu, close a score gap of about 18.1 points."
C0048,Maharashtra Management College 48,Maharashtra,Management,68.59675382041297,6,49,10,66.45321837503343,B++,62.879266779431155,83.61335792264171,Average college; clear room for improvement. Green and student-friendly campus.,"Improve teaching interaction, practical sessions, and doubt-solving speed. | Add more projects, research activity, and interdisciplinary learning. | Raise internship support, placement quality, and alumni engagement. | Upgrade labs, internet, library, classrooms, and greenery. | Increase verified student responses and audit the survey process. | Add human values, constitution, and environment-based activities. | To challenge rank 1 in Maharashtra, close a score gap of about 21.0 points."
C0050,Andhra Degree College 50,Andhra Pradesh,Degree,69.35052176499691,6,50,6,67.75214302907146,B++,64.88323348346023,88.11834026857137,Average college; clear room for improvement.,"Improve teaching interaction, practical sessions, and doubt-solving speed. | Strengthen safety, hostel quality, mentoring, and grievance response. | Add more projects, research activity, and interdisciplinary learning. | Raise internship support, placement quality, and alumni engagement. | Upgrade labs, internet, library, classrooms, and greenery. | Increase verified student responses and audit the survey process. | Add human values, constitution, and environment-based activities. | To challenge rank 1 in Andhra Pradesh, close a score gap of about 16.1 points."
C0033,Karnataka Autonomous College 33,Karnataka,Autonomous,69.36334154553431,6,51,12,65.32187003752205,B++,64.29713233421113,87.88893440976906,Average college; clear room for improvement.,"Improve teaching interaction, practical sessions, and doubt-solving speed. | Add more projects, research activity, and interdisciplinary learning. | Raise internship support, placement quality, and alumni engagement. | Upgrade labs, internet, library, classrooms, and greenery. | Increase verified student responses and audit the survey process. | Add human values, constitution, and environment-based activities. | To challenge rank 1 in Karnataka, close a score gap of about 21.7 points."
C0011,Kerala Arts College 11,Kerala,Arts,68.89833900624144,6,52,9,64.1841874107777,B++,63.472493046622006,90.22691380609373,Average college; clear room for improvement.,"Improve teaching interaction, practical sessions, and doubt-solving speed. | Add more projects, research activity, and interdisciplinary learning. | Raise internship support, placement quality, and alumni engagement. | Upgrade labs, internet, library, classrooms, and greenery. | Increase verified student responses and audit the survey process. | Add human values, constitution, and environment-based activities. | To challenge rank 1 in Kerala, close a score gap of about 18.1 points."
C0057,Karnataka Autonomous College 57,Karnataka,Autonomous,67.75379034742888,6,53,13,65.69192834057374,B++,62.13895419323441,87.35124058554467,Average college; clear room for improvement.,"Improve teaching interaction, practical sessions, and doubt-solving speed. | Strengthen safety, hostel quality, mentoring, and grievance response. | Add more projects, research activity, and interdisciplinary learning. | Raise internship support, placement quality, and alumni engagement. | Upgrade labs, internet, library, classrooms, and greenery. | Increase verified student responses and audit the survey process. | Add human values, constitution, and environment-based activities. | To challenge rank 1 in Karnataka, close a score gap of about 23.3 points."
C0013,Telangana Engineering College 13,Telangana,Engineering,67.30471983587519,6,54,9,63.79813656437401,B++,62.353179715008054,89.45780585582399,Average college; clear room for improvement.,"Improve teaching interaction, practical sessions, and doubt-solving speed. | Strengthen safety, hostel quality, mentoring, and grievance response. | Add more projects, research activity, and interdisciplinary learning. | Raise internship support, placement quality, and alumni engagement. | Upgrade labs, internet, library, classrooms, and greenery. | Increase verified student responses and audit the survey process. | Add human values, constitution, and environment-based activities. | To challenge rank 1 in Telangana, close a score gap of about 25.6 points."
C0068,Andhra Degree College 68,Andhra Pradesh,Degree,67.79179484544834,6,55,7,64.48973574209933,B++,62.965361056113125,88.4684128697247,Average college; clear room for improvement.,"Improve teaching interaction, practical sessions, and doubt-solving speed. | Strengthen safety, hostel quality, mentoring, and grievance response. | Add more projects, research activity, and interdisciplinary learning. | Raise internship support, placement quality, and alumni engagement. | Upgrade labs, internet, library, classrooms, and greenery. | Increase verified student responses and audit the survey process. | Add human values, constitution, and environment-based activities. | To challenge rank 1 in Andhra Pradesh, close a score gap of about 17.7 points."
C0004,Tamil University College 04,Tamil Nadu,University,66.65818641774933,6,56,8,63.347833444644905,B++,60.811004097389755,85.94870531480755,Average college; clear room for improvement.,"Improve teaching interaction, practical sessions, and doubt-solving speed. | Add more projects, research activity, and interdisciplinary learning. | Raise internship support, placement quality, and alumni engagement. | Upgrade labs, internet, library, classrooms, and greenery. | Increase verified student responses and audit the survey process. | Add human values, constitution, and environment-based activities. | To challenge rank 1 in Tamil Nadu, close a score gap of about 21.8 points."
C0039,Karnataka Autonomous College 39,Karnataka,Autonomous,66.96638634594488,6,57,14,63.81039202739214,B++,62.35512690328802,88.31132987258461,Average college; clear room for improvement.,"Improve teaching interaction, practical sessions, and doubt-solving speed. | Strengthen safety, hostel quality, mentoring, and grievance response. | Add more projects, research activity, and interdisciplinary learning. | Raise internship support, placement quality, and alumni engagement. | Upgrade labs, internet, library, classrooms, and greenery. | Increase verified student responses and audit the survey process. | Add human values, constitution, and environment-based activities. | To challenge rank 1 in Karnataka, close a score gap of about 24.1 points."
C0014,Andhra Degree College 14,Andhra Pradesh,Degree,66.36566477335657,6,58,8,59.93471459024704,B++,60.44853403667925,85.69833754018134,Average college; clear room for improvement. Green and student-friendly campus.,"Improve teaching interaction, practical sessions, and doubt-solving speed. | Add more projects, research activity, and interdisciplinary learning. | Raise internship support, placement quality, and alumni engagement. | Upgrade labs, internet, library, classrooms, and greenery. | Increase verified student responses and audit the survey process. | Add human values, constitution, and environment-based activities. | To challenge rank 1 in Andhra Pradesh, close a score gap of about 19.1 points."
C0047,Kerala Arts College 47,Kerala,Arts,64.18748466653362,6,59,10,62.081299338870004,B++,56.95728965271966,83.5526854678599,Average college; clear room for improvement.,"Improve teaching interaction, practical sessions, and doubt-solving speed. | Strengthen safety, hostel quality, mentoring, and grievance response. | Add more projects, research activity, and interdisciplinary learning. | Raise internship support, placement quality, and alumni engagement. | Upgrade labs, internet, library, classrooms, and greenery. | Increase verified student responses and audit the survey process. | Add human values, constitution, and environment-based activities. | To challenge rank 1 in Kerala, close a score gap of about 22.8 points."
C0049,Telangana Engineering College 49,Telangana,Engineering,63.8983296063352,6,60,10,59.51871565440742,B++,57.402145102802606,83.04759746065163,Average college; clear room for improvement. Green and student-friendly campus.,"Improve teaching interaction, practical sessions, and doubt-solving speed. | Add more projects, research activity, and interdisciplinary learning. | Raise internship support, placement quality, and alumni engagement. | Upgrade labs, internet, library, classrooms, and greenery. | Increase verified student responses and audit the survey process. | Add human values, constitution, and environment-based activities. | To challenge rank 1 in Telangana, close a score gap of about 29.0 points."
C0067,Telangana Engineering College 67,Telangana,Engineering,64.37742056932585,6,61,11,61.72331204161293,B++,58.331417119761625,85.1906703177373,Average college; clear room for improvement.,"Improve teaching interaction, practical sessions, and doubt-solving speed. | Strengthen safety, hostel quality, mentoring, and grievance response. | Add more projects, research activity, and interdisciplinary learning. | Raise internship support, placement quality, and alumni engagement. | Upgrade labs, internet, library, classrooms, and greenery. | Increase verified student responses and audit the survey process. | Add human values, constitution, and environment-based activities. | To challenge rank 1 in Telangana, close a score gap of about 28.6 points."
C0040,Tamil University College 40,Tamil Nadu,University,63.20372772929724,6,62,9,61.55212627490235,B++,56.643635469125705,83.17185841508253,Average college; clear room for improvement.,"Improve teaching interaction, practical sessions, and doubt-solving speed. | Strengthen safety, hostel quality, mentoring, and grievance response. | Add more projects, research activity, and interdisciplinary learning. | Raise internship support, placement quality, and alumni engagement. | Upgrade labs, internet, library, classrooms, and greenery. | Increase verified student responses and audit the survey process. | Add human values, constitution, and environment-based activities. | To challenge rank 1 in Tamil Nadu, close a score gap of about 25.3 points."
C0066,Maharashtra Management College 66,Maharashtra,Management,60.6892370455163,6,63,11,56.40379143888563,B++,56.33753270813928,81.74726045084016,Average college; clear room for improvement.,"Improve teaching interaction, practical sessions, and doubt-solving speed. | Strengthen safety, hostel quality, mentoring, and grievance response. | Add more projects, research activity, and interdisciplinary learning. | Raise internship support, placement quality, and alumni engagement. | Upgrade labs, internet, library, classrooms, and greenery. | Increase verified student responses and audit the survey process. | Add human values, constitution, and environment-based activities. | To challenge rank 1 in Maharashtra, close a score gap of about 28.9 points."
C0065,Kerala Arts College 65,Kerala,Arts,60.40822680548956,6,64,11,56.13264984467528,B++,56.82343865832258,80.11834293410703,Average college; clear room for improvement.,"Improve teaching interaction, practical sessions, and doubt-solving speed. | Strengthen safety, hostel quality, mentoring, and grievance response. | Add more projects, research activity, and interdisciplinary learning. | Raise internship support, placement quality, and alumni engagement. | Upgrade labs, internet, library, classrooms, and greenery. | Increase verified student responses and audit the survey process. | Add human values, constitution, and environment-based activities. | To challenge rank 1 in Kerala, close a score gap of about 26.6 points."
C0037,Telangana Engineering College 37,Telangana,Engineering,60.482189273581305,6,65,12,56.95238765745838,B++,55.03131351510951,79.3550984952435,Average college; clear room for improvement.,"Improve teaching interaction, practical sessions, and doubt-solving speed. | Strengthen safety, hostel quality, mentoring, and grievance response. | Add more projects, research activity, and interdisciplinary learning. | Raise internship support, placement quality, and alumni engagement. | Upgrade labs, internet, library, classrooms, and greenery. | Increase verified student responses and audit the survey process. | Add human values, constitution, and environment-based activities. | To challenge rank 1 in Telangana, close a score gap of about 32.5 points."
C0003,Karnataka Autonomous College 03,Karnataka,Autonomous,60.94689627782184,6,66,15,54.07524513158654,B++,55.64690357990928,83.32801893424605,Average college; clear room for improvement.,"Improve teaching interaction, practical sessions, and doubt-solving speed. | Add more projects, research activity, and interdisciplinary learning. | Raise internship support, placement quality, and alumni engagement. | Upgrade labs, internet, library, classrooms, and greenery. | Increase verified student responses and audit the survey process. | Add human values, constitution, and environment-based activities. | To challenge rank 1 in Karnataka, close a score gap of about 30.1 points."
C0038,Andhra Degree College 38,Andhra Pradesh,Degree,61.11188689414087,6,67,9,55.62725696460533,B++,55.11023952163451,83.05306165080972,Average college; clear room for improvement.,"Improve teaching interaction, practical sessions, and doubt-solving speed. | Strengthen safety, hostel quality, mentoring, and grievance response. | Add more projects, research activity, and interdisciplinary learning. | Raise internship support, placement quality, and alumni engagement. | Upgrade labs, internet, library, classrooms, and greenery. | Increase verified student responses and audit the survey process. | Add human values, constitution, and environment-based activities. | To challenge rank 1 in Andhra Pradesh, close a score gap of about 24.3 points."
C0019,Telangana Engineering College 19,Telangana,Engineering,59.068230489777655,6,68,13,53.472074721418345,B+,54.17864414907452,80.63413095200346,Average college; clear room for improvement.,"Improve teaching interaction, practical sessions, and doubt-solving speed. | Strengthen safety, hostel quality, mentoring, and grievance response. | Add more projects, research activity, and interdisciplinary learning. | Raise internship support, placement quality, and alumni engagement. | Upgrade labs, internet, library, classrooms, and greenery. | Increase verified student responses and audit the survey process. | Add human values, constitution, and environment-based activities. | To challenge rank 1 in Telangana, close a score gap of about 33.9 points."
C0020,Andhra Degree College 20,Andhra Pradesh,Degree,60.48198873289517,5,69,10,53.9152371254699,B++,54.41280787368886,82.063776009749,Average college; clear room for improvement. Green and student-friendly campus.,"Improve teaching interaction, practical sessions, and doubt-solving speed. | Add more projects, research activity, and interdisciplinary learning. | Raise internship support, placement quality, and alumni engagement. | Upgrade labs, internet, library, classrooms, and greenery. | Increase verified student responses and audit the survey process. | Add human values, constitution, and environment-based activities. | To challenge rank 1 in Andhra Pradesh, close a score gap of about 25.0 points."
C0012,Maharashtra Management College 12,Maharashtra,Management,58.14183245257016,5,70,12,53.556308234233605,B+,51.494172073192146,79.3369251513528,Average college; clear room for improvement.,"Improve teaching interaction, practical sessions, and doubt-solving speed. | Strengthen safety, hostel quality, mentoring, and grievance response. | Add more projects, research activity, and interdisciplinary learning. | Raise internship support, placement quality, and alumni engagement. | Upgrade labs, internet, library, classrooms, and greenery. | Increase verified student responses and audit the survey process. | Add human values, constitution, and environment-based activities. | To challenge rank 1 in Maharashtra, close a score gap of about 31.5 points."
C0055,Telangana Engineering College 55,Telangana,Engineering,56.202484399016775,5,71,14,48.56646607007786,B+,49.65985590109702,77.74291086678693,Average college; clear room for improvement. Green and student-friendly campus.,"Improve teaching interaction, practical sessions, and doubt-solving speed. | Add more projects, research activity, and interdisciplinary learning. | Raise internship support, placement quality, and alumni engagement. | Upgrade labs, internet, library, classrooms, and greenery. | Increase verified student responses and audit the survey process. | Add human values, constitution, and environment-based activities. | To challenge rank 1 in Telangana, close a score gap of about 36.7 points."
C0028,Tamil University College 28,Tamil Nadu,University,52.81913443869352,5,72,10,45.27138728000006,B+,48.137189561171276,75.41740620383337,Weak score; major improvements needed. Green and student-friendly campus.,"Improve teaching interaction, practical sessions, and doubt-solving speed. | Strengthen safety, hostel quality, mentoring, and grievance response. | Add more projects, research activity, and interdisciplinary learning. | Raise internship support, placement quality, and alumni engagement. | Upgrade labs, internet, library, classrooms, and greenery. | Increase verified student responses and audit the survey process. | Add human values, constitution, and environment-based activities. | To challenge rank 1 in Tamil Nadu, close a score gap of about 35.6 points."
C0056,Andhra Degree College 56,Andhra Pradesh,Degree,54.65413159004008,5,73,11,46.070800120638104,B+,49.0017533232897,77.47324304365716,Weak score; major improvements needed.,"Improve teaching interaction, practical sessions, and doubt-solving speed. | Strengthen safety, hostel quality, mentoring, and grievance response. | Add more projects, research activity, and interdisciplinary learning. | Raise internship support, placement quality, and alumni engagement. | Upgrade labs, internet, library, classrooms, and greenery. | Increase verified student responses and audit the survey process. | Add human values, constitution, and environment-based activities. | To challenge rank 1 in Andhra Pradesh, close a score gap of about 30.8 points."
C0029,Kerala Arts College 29,Kerala,Arts,53.291100744579836,5,74,12,47.44607863947944,B+,46.622622342853056,76.68757948200555,Weak score; major improvements needed.,"Improve teaching interaction, practical sessions, and doubt-solving speed. | Strengthen safety, hostel quality, mentoring, and grievance response. | Add more projects, research activity, and interdisciplinary learning. | Raise internship support, placement quality, and alumni engagement. | Upgrade labs, internet, library, classrooms, and greenery. | Increase verified student responses and audit the survey process. | Add human values, constitution, and environment-based activities. | To challenge rank 1 in Kerala, close a score gap of about 33.7 points."
C0010,Tamil University College 10,Tamil Nadu,University,53.04194828745789,5,75,11,47.48807316133928,B+,45.813660859914194,77.09851875842055,Weak score; major improvements needed.,"Improve teaching interaction, practical sessions, and doubt-solving speed. | Strengthen safety, hostel quality, mentoring, and grievance response. | Add more projects, research activity, and interdisciplinary learning. | Raise internship support, placement quality, and alumni engagement. | Upgrade labs, internet, library, classrooms, and greenery. | Increase verified student responses and audit the survey process. | Add human values, constitution, and environment-based activities. | To challenge rank 1 in Tamil Nadu, close a score gap of about 35.4 points."
C0001,Telangana Engineering College 01,Telangana,Engineering,51.32397371083154,5,76,15,46.264441528952794,B+,46.41306844632135,74.5851274630198,Weak score; major improvements needed.,"Improve teaching interaction, practical sessions, and doubt-solving speed. | Strengthen safety, hostel quality, mentoring, and grievance response. | Add more projects, research activity, and interdisciplinary learning. | Raise internship support, placement quality, and alumni engagement. | Upgrade labs, internet, library, classrooms, and greenery. | Increase verified student responses and audit the survey process. | Add human values, constitution, and environment-based activities. | To challenge rank 1 in Telangana, close a score gap of about 41.6 points."
C0002,Andhra Degree College 02,Andhra Pradesh,Degree,50.93092721247344,5,77,12,45.41868241982132,B+,46.163551571063664,76.06165862363771,Weak score; major improvements needed.,"Improve teaching interaction, practical sessions, and doubt-solving speed. | Strengthen safety, hostel quality, mentoring, and grievance response. | Add more projects, research activity, and interdisciplinary learning. | Raise internship support, placement quality, and alumni engagement. | Upgrade labs, internet, library, classrooms, and greenery. | Increase verified student responses and audit the survey process. | Add human values, constitution, and environment-based activities. | To challenge rank 1 in Andhra Pradesh, close a score gap of about 34.5 points."
C0064,Tamil University College 64,Tamil Nadu,University,48.657143431770606,5,78,12,41.91606521402525,B,43.50216008247439,74.80830201354155,Weak score; major improvements needed.,"Improve teaching interaction, practical sessions, and doubt-solving speed. | Strengthen safety, hostel quality, mentoring, and grievance response. | Add more projects, research activity, and interdisciplinary learning. | Raise internship support, placement quality, and alumni engagement. | Upgrade labs, internet, library, classrooms, and greenery. | Increase verified student responses and audit the survey process. | Add human values, constitution, and environment-based activities. | To challenge rank 1 in Tamil Nadu, close a score gap of about 39.8 points."
